patch_length_mm,patch_width_mm,substrate_er,substrate_h_mm,resonant_freq_GHz,bandwidth_MHz,min_s11_dB
21.236203565420873,30.944851420592354,3.6810634307089574,2.0457962843269235,3.6815247863114706,8.157199248052924,-28.45735790660235
38.52142919229749,26.082890990323612,6.535207579026864,1.9500365063113545,1.5232078670612819,1.773484349471483,-28.825530023200002
31.959818254342153,19.285828488589832,9.183566687011265,0.8615409579354456,1.5487498100107655,0.9602420714319241,-12.343635486974083
27.959754525911094,34.41385059120846,8.05779909127649,1.6189947863027754,1.8899472704084939,2.517037115253877,-28.761345003762347
14.680559213273096,30.54193517661638,8.652489182891596,1.7124694850860571,3.4735865737586904,9.319362517044315,-28.201256846784226
14.67983561008608,14.87850818034674,7.470266933685738,1.7571746741525613,3.7385397832253777,10.292564221923813,-16.015043439550908
11.742508365045984,37.32781553481527,7.738212516142819,2.192413686145598,4.592086439954836,19.71966427074944,-23.7565039387365
35.98528437324806,34.67611728769507,8.993565212522554,2.080646112144508,1.3899538345011249,1.8484235464649157,-15.58223607612047
28.033450352296263,38.49399739875772,4.197344070873488,2.258972222704267,2.6117248390097183,4.840492953315278,-33.36584606089037
31.24217733388136,31.771585251650794,6.115399709145123,2.635719827701108,1.9415006566110784,3.767240342856167,-22.810720158165392
10.617534828874073,28.4024558780737,3.969675534556818,2.7511657729186245,7.090715480986328,42.25819676391277,-34.15965999541793
39.09729556485983,22.547291088718563,10.101344063973176,2.5234953829435867,1.2071325469861247,1.7920024235164973,-33.433669913616136
34.97327922401265,37.98185450062039,9.752474717492905,3.0932568702918433,1.3734014046189753,2.793862021796131,-12.339063666389727
16.370173320348286,35.98191668501225,2.5154144909480474,0.8437581984232679,5.777410178876389,6.8489779246562925,-31.51886572206012
15.454749016213018,11.356560103185682,7.844601380125507,1.2698671656405107,3.4653241284455256,6.548895129979974,-21.68948294311957
15.502135295603015,10.79100923491756,9.601986539325326,0.8181508999475411,3.12262037941625,3.790433793323107,-24.722609934982337
19.12726728878613,21.293901006341486,3.6446027610186684,2.3539393139710474,4.10783728320418,11.627421167789409,-26.316416843528934
25.742692948967132,34.31659992345499,6.743561844421035,2.9552733174799686,2.243843742521434,5.924669409774516,-12.504166357818189
22.958350559263472,39.61828387944833,9.523906380704334,1.3843575117831184,2.1171080194050327,2.936151305562877,-34.45441508061276
18.73687420594126,14.512506733105845,2.471567828686391,3.0248829075111363,5.092228124746311,18.908066194338442,-18.405257845610272
28.355586841671382,27.823921460564055,7.779362137974719,0.9446417366949461,1.8966213054493182,1.4532386876079026,-10.91513914466124
14.184815819561255,21.426725698930642,4.578792058980406,3.0426464643332345,4.94187888365397,24.38078728599889,-20.99579541345395
18.764339456056543,39.0974319344381,9.595169563012242,1.6438944493751226,2.5806651152487703,5.1999615855135195,-11.579438449172706
20.99085529881075,35.26356769407126,9.968465961322941,1.0434099882781196,2.2633252010492586,2.5876149409449765,-33.6935530178494
23.682099526511077,35.149861141334135,9.754131912907472,1.966092222047182,2.028041065907208,3.8724718012354717,-24.530167023145964
33.55527884179041,24.06079479384911,5.99371373325971,1.4162637625292192,1.825922787249864,1.7725297603954606,-28.496055225948723
15.990213464750793,22.444585070129953,9.096341207914506,1.4836949647086148,3.1103096390933693,6.637764248035115,-16.729475875481754
25.42703315240835,18.202212157921185,8.956395188280563,1.5374959158230879,1.971192081094977,2.741416758450387,-10.467572737568833
27.772437065861272,11.691264899527813,4.752803785946044,2.7272621547983924,2.4774353211165385,5.595553542997839,-28.586748438893807
11.393512381599932,35.9416712876516,8.831323793205417,2.0939870640206113,4.430173412633038,18.726858465987437,-18.645634963148137
28.226345557043146,34.387030273902326,2.496061077723941,1.5471384779744088,3.36363606965527,4.2404443717744496,-30.0475591810065
15.115723710618745,39.991530198583916,6.970159027856424,2.264801079946204,3.758728616975254,12.952986853967925,-20.866743635709753
11.951547789558386,39.899105112217164,4.040070698301625,2.5187616181356645,6.244139889734483,30.266581692815784,-23.401687832791595
38.4665661176,26.662951168078827,3.1645350862182307,1.4542976017604812,2.1920622476055778,1.906121533611739,-10.699866759211574
38.96896099223678,33.06962245541531,2.8156256130336734,1.7925178436608438,2.293955447184835,2.426931261179952,-19.786818182588334
34.25192044349383,38.34297189647284,7.770310207025117,1.0925266240086742,1.571039678792877,1.1525561500587205,-26.26234069782953
19.138413075201118,35.48942172032234,4.918999710144529,1.234758438883233,3.5338404420850464,5.243857141074209,-32.14760537780167
12.930163420191517,17.42044305229593,7.998134172230091,2.434682849515959,4.101973992990665,17.764750863773667,-31.218829281626636
30.526990795364707,23.516324059302804,2.722850726391539,1.2354520344695046,2.9777987747580767,2.771820331754038,-29.367076751219123
23.20457481218804,13.87478245454485,4.722322702644883,2.0603921208009446,2.974676984295849,6.074966880862345,-28.72583346649255
13.661147045343364,38.62153081776167,6.515930339002697,2.5017110281338386,4.301459881516937,18.117308927268173,-13.734598553971555
24.855307303338105,28.185239033526397,8.525785318711709,1.0565046154273852,2.0668308041049346,2.020621749531746,-20.969430292936877
11.031655633456552,16.85928416510388,4.750020023456559,2.161549327109369,6.238825556593152,28.116103469263972,-21.91522721564084
37.279612062363455,30.1510205321757,7.207131011496072,1.4157506808832734,1.4987826820291537,1.3091273529797318,-32.130778203269564
17.763399448000506,28.54384721373687,9.287821985889497,3.1110245005701915,2.770819501603185,11.161265036668215,-13.496507666264126
29.87566853061946,20.744881540985215,7.126905505458436,1.9605095521278195,1.8807155979401702,2.8385875445373276,-16.929642419787907
19.35133228268233,13.40672776598887,4.06367579802907,2.7343821194603795,3.8452170783760313,12.496748618242782,-33.30829095249996
25.602040635334326,30.147195867783985,2.3952062524523043,2.1205437011750283,3.785691484382037,7.211833617533401,-17.30412256925578
26.40130838029839,25.6092310271138,9.160790991207438,0.904190078851566,1.8771514872447934,1.4786365780379362,-21.411544566433847
15.545633665765811,33.169551752069175,2.3701552868030973,2.319563301425654,6.2675012511161,21.508992347612903,-32.95686635633054
39.08753883293676,25.604905033359803,9.197613381473595,3.083368021295977,1.265363661299667,2.2957798110659335,-23.54248396178359
33.253984700833435,35.56544500955621,6.431497072217695,2.243868368351195,1.7786542248432398,2.760406542346742,-22.882592821748826
38.18496824692567,26.557205163234563,9.712541588103168,2.7660532626242964,1.2604696108070397,2.1000436430354443,-30.855636495918105
36.844820512829465,26.828139146061588,8.590265886189322,2.9220955120361785,1.3890296322349915,2.533712352312691,-11.357546324992942
27.936999364332554,36.29960807975035,10.183472884266699,1.347391452677438,1.6825328239357666,1.8664029473557695,-13.750615712983453
37.6562270506935,22.104485986371913,5.0056945236136805,1.3089076157797441,1.7804192599471982,1.4233847561583264,-18.274441566772293
12.654775061557585,14.02045685351922,8.337506311449015,2.2663543732423803,4.105052740983985,16.909079481323882,-23.44261097498482
15.879485872574355,10.863480289400169,5.4154473088739365,1.7864683275360913,4.059173872807316,10.50326623999215,-24.70586146038729
11.356818667316142,32.65411767020857,6.039004962431271,2.815667126880129,5.374670868582981,30.648154566251495,-18.725663321226147
19.75990992289793,28.609286540603943,7.22004370574696,2.960055496155227,2.825116653973319,9.733725941291144,-21.364203264827363
21.66031869068446,31.122393042976704,9.18941691349071,1.6482113103265237,2.284454114158066,3.998142997841596,-33.44317235295286
18.14047095321688,16.388924845267322,10.07266775359436,1.368489341538757,2.60537623116411,4.520548616491539,-22.187433780741706
34.862125274557876,14.091144267603092,8.346187310916145,2.6732612365852684,1.4893382254629728,2.626689355385061,-14.839909569179014
20.70259980080768,10.436339970036459,5.54213425733867,1.4595344853155268,3.077711100977653,4.990512651141583,-23.51900306007605
18.428035290621423,20.51762676419791,5.570856018216562,2.7742743644328285,3.4486669637370766,11.941241079461234,-33.70108556114329
26.280882494747456,27.697530605638995,8.10065841271113,1.816971808757031,2.005354491009039,3.188799663842608,-15.343045015399174
14.22772674924288,21.767321352991967,4.110217166146419,2.4021197582995293,5.200239657680776,20.193441225336134,-29.96590544660064
34.06590942262119,23.12424766071187,3.0837929050511574,1.0292847532032037,2.507429143235049,1.7424970741739374,-28.53447912779903
12.236519310393126,37.124760834812456,5.0369772611262125,2.2972623792237754,5.461958097198081,23.584620945880264,-30.882341164192603
39.60660809801552,20.447664010699008,4.497911933232654,1.88424242896935,1.7857396184240988,1.953957430522326,-26.74462337821256
33.16734307889972,25.419684674794322,4.57046496364792,2.207860311621138,2.115438402041752,3.2388372805154395,-16.081212357784125
15.961470446025174,33.50959038223429,4.06886200839928,1.2032340985876724,4.658883817651975,8.077685665829256,-22.015353512401568
10.165663513708072,21.896283469638107,2.5367455170908952,2.568496987866037,9.264395307730181,53.83791647589023,-29.877968146232185
34.463842853645026,28.6626010068362,2.3429914778673107,2.8707129861037486,2.843427787306101,5.44748586223619,-13.054248046198978
31.205720315428515,35.87091126240235,10.101779117888253,1.3201755202178616,1.5123702064642217,1.47157842823953,-13.01045362621177
31.870215041229617,38.48561870972926,5.622185069886898,1.0297149332483881,1.9849688530028293,1.4750731223021833,-13.235539373849829
33.13811040057838,14.412204427871139,5.274613177277454,0.8567326065112074,1.9709164344624908,1.1719621950416683,-29.030094715461516
12.22133955202271,37.79762875484483,7.637178261544558,2.3407316010638386,4.441257814983698,19.56440428238659,-23.719016395475297
20.753971856328178,24.76348879238614,3.9460311029205135,2.257025686613074,3.638394475260982,9.10066017471241,-10.375258596478123
13.476071785753891,17.747331648968753,9.799689471601802,2.112073790513768,3.5556727730171116,12.817265891077527,-15.699688092250241
35.8931027762678,23.77407268714784,8.490760115324417,1.356673030678341,1.4341909277504905,1.2468063234034523,-34.320814469361004
28.698943804826737,39.40097725856431,2.9152880184980763,1.7381743901732352,3.0611500017955726,4.264222725305086,-33.369885218487696
19.926940745579476,24.778542819786086,5.540646206279426,2.2267432044468154,3.197940800349593,8.219166194919875,-23.401715579691682
11.906750508580709,19.862548308625243,9.232946460497317,1.9922404612620066,4.145986148825974,15.95527101085391,-12.269494853460998
19.329469651469864,29.00202562950177,9.75785617833128,3.1706852485157295,2.484243226589828,9.372493419058392,-21.532455051182144
19.75549966080241,17.204368563345792,5.939212089998957,1.1274554061361595,3.115579398828796,4.0895734669160895,-22.554687299142742
31.88818535014192,12.275899843259918,7.107291113685661,2.4683469297142255,1.7644501830441912,3.1413305057957244,-32.36315750108424
29.126724140656396,13.866391657319477,3.536271568736602,1.7703650434503013,2.7385886995033175,3.8284751353169844,-18.58049738189265
36.6163822772898,13.841375168733173,10.129349009095812,1.8276790758214754,1.287137839609003,1.4776698097791365,-14.447420984994363
24.166447754858478,14.55708080536883,4.053373611067547,2.522234637579623,3.0829758542840424,7.400662977183784,-25.489499812310942
13.58782737814905,14.164815179482305,9.741854193081004,2.461846763178487,3.536880817239235,14.738702666360773,-15.609703726866812
31.397343616689845,29.226242344096438,7.397173191938947,3.179014384885252,1.756569992933901,4.09065527665865,-10.888083652479711
32.82355145850692,15.456402531974344,7.061894359030872,1.1081462946899008,1.7196698675558502,1.3353172117072658,-29.905838521807773
26.83831592708489,20.370018499715897,6.301508088132068,1.0498631585219993,2.22645411490053,2.0031755934932183,-21.916759220131468
33.12901539863683,36.90365229718035,4.04535849374207,2.538413161108979,2.251148906648739,3.9672159495338537,-27.821551047885613
24.81386789093172,24.21884920788617,3.6122242560440663,2.1881286008153817,3.1806028301435494,6.450830848879519,-15.178639524154015
25.68198488145982,30.026732155630814,3.963889672561403,1.457985599743534,2.9336067347610126,3.8304904028908884,-20.56016585297106
22.826230550756488,15.169596136048895,3.6915060971540363,0.9906064855735679,3.420229626471611,3.413894281834945,-19.135439561242407
10.762573802322855,15.768670564260123,8.436675788534025,1.0055797990314335,4.798322527779717,10.311400851813051,-15.052146009602648
13.236742809799134,11.226058487994367,5.00100207333384,2.946058099193884,5.067358275881734,25.939979223583393,-25.10073818343863
10.942875570602027,15.068051892164936,2.662741412507171,1.260481579324983,8.400309775997242,22.25502979485749,-12.122748289823921
29.092312337913416,18.35771017095876,9.95282104112649,1.57609174907725,1.634330628994247,2.0364371440526297,-21.6742783188465
19.4306794322898,15.310314528302404,9.270287079707405,1.3439753653447712,2.5354595159070517,4.033553651322282,-31.0511294291163
25.257120734941083,12.66107601271167,9.622018265561703,1.6519911339966495,1.9145835814246164,2.880222496658906,-17.60252204577994
37.22699421778279,13.619076133018025,10.159262581171483,0.9666172225906241,1.2641604367738808,0.7549645988756986,-15.168466239043639
17.47876687446625,23.823363040981775,3.5911619937558985,2.045743498179849,4.528589664411522,12.190771657630258,-27.080958073311834
22.31148769106889,16.190011552173775,5.369936151221269,0.9622701526213159,2.901203340422941,2.8778919925053064,-13.570518575031176
32.66653415629146,20.928095831442263,8.265907805632729,2.720855618773668,1.5971397596130128,3.059660182091211,-12.34641863085584
16.863944964748676,25.102518125645705,7.768164944430337,1.3609089965850394,3.191338441438699,5.923393827431503,-28.077387815554776
12.309397294863789,30.711844858880962,3.4311672507188407,2.0960285950508255,6.5786006852231385,25.764503402636212,-10.41196318211945
18.69254358741304,11.179364195232967,8.726664999924942,2.9121898101475,2.7164311674104176,9.733696859404978,-31.48221179878104
14.836638617620132,33.98231196727128,3.9955245746932855,2.3621056857132663,5.057883681548638,18.520831471657964,-29.94960828993775
37.89092957027719,28.83701168472723,3.990540918580985,2.0790986877232047,1.9817100643709984,2.500966044992804,-30.394379019049346
34.24361138693251,12.452770958466157,6.495795383147308,1.5784010074769015,1.718682010122844,1.8220536341837799,-12.65025724980324
29.002112695312707,36.20735872320332,6.9435194787336245,1.599204591339675,1.9627807690331098,2.4892815624835585,-18.642686191875953
36.14381770563153,37.626172015954396,6.840689662702489,2.4067686924756564,1.586745559519714,2.4301633002255105,-31.19739291944318
34.11016230697343,11.832338795645914,2.931894699182039,3.185934466930802,2.568226299524228,5.517142196411406,-23.991914540791278
15.597101766581075,18.30632944441611,9.219686901043042,2.3884140556385085,3.1673004820420925,11.155340098941876,-19.61754937325495
36.77676995469933,34.18603839379184,4.324800340709649,2.13868020168806,1.9612576229031817,2.6232201912954434,-32.91339787526542
26.180267257469517,32.447790711509754,3.2361193702624336,2.553561224574191,3.1849668532969986,7.14504473531284,-12.939590789816531
34.22320465492187,15.53563058069132,9.309984638951818,1.9164934694809237,1.436468485427072,1.8501656253843801,-14.909911613961622
36.8827389977048,16.28047970010131,9.845211985838027,0.9443416222418846,1.2961508765365404,0.7632896270090818,-22.369830660584043
19.540104249155913,21.11416308374146,9.097020938123604,2.1495123581069837,2.5451582201425818,6.4395525473575095,-10.82183461852074
13.301557735830304,24.53568955573064,8.676128597799025,3.0983006828129125,3.828474554384805,20.510425013056793,-24.55597551812251
16.83805487625825,28.54764314590888,7.441935845112173,1.2207270616583832,3.2655502993258936,5.445162756057647,-10.397242024087554
22.81323365878769,21.06740918709317,6.606858964873114,2.456011737969598,2.558037414804732,6.334003773885546,-18.302000029909323
34.54044297767479,23.876041483994435,2.8958940792912813,1.2822408527817357,2.551949168245016,2.178921388958615,-19.133218168651464
35.8219174976903,32.42412814401269,5.46762570456559,2.0859864427353956,1.7907833237199826,2.3984657972075216,-30.851127617605375
10.208563915935722,11.100496086717936,5.181508136098511,1.0320234791521272,6.455033709658003,15.008983363839047,-12.9518060423839
25.32241907732697,17.573108330320622,4.27803027008261,1.8808902470196445,2.863941485959875,4.892718607496743,-24.31275780198462
22.522330094463367,31.400487576536573,7.987360909508679,2.614791989348591,2.3565479741082016,6.2925684423192285,-30.944164855438018
16.663234314121908,36.856205130615976,6.167005880630166,1.634171658173557,3.624889535624535,8.17637845832048,-34.68481200060602
13.595961020010485,25.35032326346998,2.8483697272611836,2.3957881387693236,6.537070483034805,26.494120258036784,-21.006107909040438
20.128455142108837,25.96340455795947,3.961465615598491,2.7090799058953503,3.7441468124588164,11.590230592615024,-21.81500944693309
38.287291117375574,13.215160340193282,7.666070109276767,3.0252267667506865,1.4149797519080356,2.5714693670928117,-17.016159440771037
19.69608796062266,23.42237100470364,2.8090468759224017,1.3631409964530885,4.543931656300311,7.233032741214813,-12.743548674554948
25.563718652300985,25.978517993650698,9.009655312390148,1.7583581979423397,1.9548486637685212,3.0926038996828864,-33.014835383924265
31.090568766855334,17.27411510904189,6.161172216111794,1.165798431993002,1.9437075332376412,1.676306981205615,-16.712587741490943
20.90888807137882,18.07729692848143,6.044692618613183,3.1819604051801007,2.9179188570845978,10.213271573922757,-30.314701397560444
39.15346248162882,21.31852489313868,6.93926227727614,3.0248023230183088,1.454334924802155,2.584158175134651,-13.545573671070901
38.873418848263334,10.602135933331791,8.797447727401192,2.095897112673343,1.300948706987879,1.6132632155449846,-14.523412153458597
17.553468874760927,19.662374967495346,4.982473663217544,2.820879906503411,3.82829855669873,14.149962192085203,-21.48015612536139
24.91745517677156,16.34344020989634,7.624129220472508,2.050299145452901,2.1801804910091005,4.126043763962284,-17.24393003441721
19.02634929450309,19.82492056533744,6.725855711966328,2.2966056512066233,3.0399190606507767,8.439579725687135,-27.141247170406288
18.545214831324028,13.592863954577536,4.33622616135537,1.01389863707844,3.8842164908179555,4.884205568146847,-23.220802526679634
11.106608420635984,36.715818422196854,9.229039890841264,2.612649009192339,4.4456118050005395,24.052431243383733,-14.45907755723821
28.2869300193969,27.807773606621463,8.579408172855423,1.1065123607245635,1.8104093249611537,1.628827404647234,-23.518370070669654
25.080370696865845,30.373069574334686,7.467614677267403,2.7825623126060686,2.188599811654203,5.5847680569998595,-26.055043366863956
11.544362537499682,33.675137158220146,9.004653832753934,2.6768674104089265,4.329998952798344,23.09258393978886,-22.6446888187425
18.359393927098346,24.953265967871715,9.138353607678418,2.5009872745831436,2.7027068303185264,8.46798181776088,-14.293768689069541
37.247976578999605,12.607608642622711,7.866903813720278,0.8867849132594291,1.4357758805604899,0.7861946782815346,-26.61979881572818
17.18685672000917,26.11319625455643,8.896106626909376,1.5275080542687889,2.9261380586197427,5.981494410582328,-30.655960171606406
14.346846162736693,27.60523354062637,7.779771693354268,1.4314701677860229,3.7484471445310703,8.602111896040157,-17.19964949173048
24.68358280832689,32.3631842255299,7.641126174082403,1.6643273779316459,2.1983881580946734,3.4092807930977553,-14.350544682297954
39.569513623318024,22.94978638689038,7.148891025721474,1.0103425922332125,1.4177877136784856,0.8326202978571443,-32.484063036911664
17.261658145345013,13.827409083866913,8.22173311646113,3.048698775274551,3.0305891217660235,12.310817716358327,-29.003147181101383
30.164066422176354,18.513277173961736,3.46884084234459,2.1291253777097032,2.669987226308697,4.334593422816827,-31.450700255975153
32.84858845986153,20.89246889195905,9.246966073591427,1.5332583455792566,1.5016714181210291,1.612134885193087,-26.301464710445835
17.129126319771988,29.37751723994804,9.174748221961856,1.7527556409782803,2.8910724119308284,6.804135706016885,-23.741225527364684
31.846490458355788,27.123349140067358,2.4339782642764733,1.8732860972116057,3.0190571347346444,4.084526318068639,-16.27934157591734
21.033493981577596,20.68290177693539,8.8065340045181,2.2414264000654813,2.403130355373292,5.8900397622551335,-18.721310377958147
28.969174917807386,39.59545746378939,3.2309589397875618,2.037630626471595,2.8806428297490316,4.660221757124655,-19.47678581303922
29.00589132282684,28.173244580706616,4.8809508340731345,3.006540735714602,2.3407381157503133,5.58035130247526,-26.19062633475864
26.073240522242752,17.116803752079836,8.148066050332861,1.9927123589739926,2.015435841927073,3.5427982138439895,-13.963811172881002
12.70869310163225,13.053474178612111,3.486079168386466,3.1811792355759505,6.321523315130886,36.39458963790527,-23.217820815045886
35.05907486767714,14.585774175529961,8.743736192952497,2.84341989858823,1.4469125521005253,2.6990483641345127,-10.522376549621136
19.623401949152075,17.378731851535242,8.857073423661934,1.3004252344576062,2.5684542652163316,3.914810654132473,-19.14644654260658
15.595555311995629,14.82044119778667,6.259741870086689,3.0334285151453995,3.844255136672456,17.197802650121655,-31.843381460887432
11.223254246642918,15.597010721539174,2.251086973734669,1.0792793549251427,8.907920250175318,19.702404207480264,-18.09556094811415
27.726788295647253,18.552855060815414,4.4963050653993015,2.76187930037886,2.5513133869648703,5.845164965136294,-26.872399614207524
30.32693085526847,15.201207858842643,7.135415347005937,1.7134959043437923,1.8516255673135793,2.406221564113023,-17.841820082847565
10.497634867835684,36.90296273879275,10.049489424219388,2.9071383690681674,4.507417612962562,28.709780595317145,-33.25897129593986
25.36279174897843,12.407012369849266,7.254508216133346,2.883336056257881,2.195787026733354,5.7413795484429375,-30.627964070601017
16.79487325593814,25.735341687107635,4.2784286485132785,2.734220960282291,4.317898025205405,16.168029577489605,-13.606568527355343
29.355183712283495,22.311904809689842,7.27204562479689,2.6960730471369474,1.8948644977967026,4.002698210402259,-29.320511074412128
15.230992870149743,39.471358507258195,6.519883037726843,1.531229933835298,3.8569422995648184,8.918322509106138,-14.073971868926499
30.728132143073974,13.36116706504157,8.438763161209149,0.9942062793230053,1.6804117054416834,1.2505005125999837,-28.01809778863974
21.602060389016124,21.93566797137225,3.0558451106156674,1.7671524290363878,3.9721936644732154,7.473724533515178,-18.927952248532307
38.101899662102035,39.08411299826107,8.288223220016224,1.2164588359676207,1.367457729804941,1.0041359937080494,-17.646235662254224
14.125628324379798,35.96521377681941,6.5301326294088815,2.467882613365908,4.155492312199116,16.698099426819642,-22.183631171373676
20.23199053150775,34.512162128478394,9.903936030871957,1.6306393436906854,2.355855954873512,4.367127507713616,-27.36723308258172
13.404205637217672,17.737084811348193,4.934977328309488,3.141464482063796,5.037413437238386,27.153542994310687,-29.683890590722598
37.74080854835688,15.126627621701974,7.260975145071584,2.338332985628797,1.4749679511924427,2.101868665526556,-34.17026613593934
36.32018060142943,30.05929659773293,9.656224844080139,2.7739533527224665,1.3290446600180814,2.334632704989603,-27.401339968981905
17.738248831454666,37.88127967382757,3.0200778239254342,1.1180592145804364,4.865992654479233,7.054290616489593,-18.670930236717926
29.79952138102537,26.702886790417892,9.697827897891608,2.8688347574542945,1.6163847110950331,3.579058648971313,-11.542379538787934
34.51666600603647,27.148380684096995,7.703085778406506,3.0146172572321466,1.5657775138001,3.1452938706488496,-13.2198879434237
26.65602434798387,18.399372809808522,2.7426964728413754,1.9689486051654463,3.3978719525930354,5.772631677843656,-15.848380586617434
25.889517350680194,33.084787995758106,4.607708535574529,2.255007050602346,2.699136232750728,5.4072517659458175,-15.288816418667533
17.255568727013554,15.6113124567257,7.865376709162252,2.6355435221671892,3.099575485109873,10.888573020754777,-18.375377413100118
12.793083034176977,19.71037709212731,2.7388048117501738,1.2196127054249903,7.084928948236979,15.534957039052603,-28.492828560849926
36.91647273859981,22.763093158492502,6.8573636814101855,2.006158583512262,1.5516453662869105,1.9393909575342687,-12.320124232354253
37.01254171489991,25.22831136053365,4.967064455623653,1.7567912666535517,1.8184126809435566,1.985141832684701,-18.23169220235415
28.993043718198038,17.272291972452404,7.167324142139816,1.151297581189398,1.9324974330229507,1.764983068495281,-20.988984225489002
20.170893731461017,13.445104742176106,2.565936270500103,1.6820826134996756,4.642406705485355,8.904165045198965,-32.225263269662975
20.476287238379825,28.318601273248976,9.17229444921901,0.9636135425251846,2.4188060817498807,2.6180658734459317,-23.823611404839365
31.778670366107182,18.658916597207675,9.987911753419175,0.8619485766787688,1.493544574665652,0.9317333899339053,-23.49104321995184
36.913307798577314,27.437146642678364,9.951022842285532,1.1243990939715747,1.2881737157510988,0.9024845845773865,-13.385909761933252
36.61259272795352,14.630881458226071,8.197214653943398,3.1114762678140173,1.430960417050093,2.7969935494888976,-21.333794495305288
33.396266375728715,24.434203055644524,3.240689921045056,2.118870886148041,2.4950232870696056,3.6409022286015893,-25.48998627573976
29.260949384628628,25.977682976547573,8.26610556743218,3.117973186767728,1.7830042257193195,4.369826275150088,-10.579991787233517
12.524198949851465,11.554706104672807,2.3966953316704123,1.837994907992317,7.736328210174124,26.11301800755871,-32.23198516684211
14.848861422838413,20.098128345817617,2.376988412231978,1.5483587194046233,6.552161183759876,15.71414797749769,-24.436289292201387
36.956625655812374,14.032440308169226,4.78888175319633,2.014740470816586,1.8547351022145775,2.325608075834358,-33.94938312071487
28.192871789787695,11.901249114183033,6.109145523237325,1.8548280527189844,2.152591928659087,3.2572709256930334,-16.50239698082674
10.27591154849889,39.69880697169836,8.363259342462346,1.0535952422281856,5.047578938236078,11.903218314689836,-12.048086195021234
13.044146285980965,19.670615349241686,7.666363012852041,2.337983155256495,4.153181477792142,17.121210298251015,-27.999066761237764
29.90505307324167,34.29623337563904,5.767221651013987,1.3184916380230391,2.088638889420341,2.117990454239794,-13.541458080021979
10.15184751538656,17.639219642912916,4.389013330253327,2.287011091754791,7.052818752763235,36.543803273142935,-27.694544238452558
14.82424154252496,30.445081666717876,10.176996001261688,2.360482621755568,3.1718232224192144,11.61622820361165,-12.23074595890212
26.462013680997583,32.80683579669059,5.609450417887784,1.1648596475087554,2.3933610149633537,2.4231860486047894,-16.1509524100804
30.756855930780798,27.869162218235328,5.811096194637404,0.9472391050656037,2.0231136876807536,1.4330647214196235,-14.877330578964035
29.558837785078016,24.14728565650475,3.5089905695333536,2.6738278065642556,2.709023699222825,5.63620423139387,-34.54983610998864
16.728079283816793,22.355227424418054,8.558476389999434,1.9035210170463688,3.0651162630533677,8.022068877765014,-10.929741073149351
31.365376640426074,20.466047996289856,7.749457806251908,0.939593109213142,1.7179285336096843,1.1836471185573656,-16.83322519824192
17.117472624904003,37.88587432743477,3.9661569023100833,3.1876791612074413,4.400141791502382,18.84644619315125,-27.381222615346665
19.761990944778034,34.918582233631874,2.8590483649267417,0.93867334639128,4.489002135753811,4.904123950643684,-14.265133378528827
32.394742153540726,38.95080731999538,7.643994416597704,2.468084549260528,1.6747753145365625,2.93474176541002,-27.96197003962675
29.48898697141644,13.728916704566341,7.436089714249081,3.1608294206321927,1.8653446895185675,4.598626488566809,-13.1811540108468
35.47670231482534,31.926024256109326,4.386076215985675,1.3740322501182216,2.018877315300118,1.798421337464341,-32.18549023970157
29.728386769010303,38.150213704631135,9.806908498003281,1.1413984848492709,1.6112163300151436,1.4228123954071177,-17.407850563480107
27.04925810006415,15.436991984969804,3.408463134247202,1.0913238546138293,3.0037003187744955,2.7872936607302328,-21.48253808387724
12.810243034842774,11.994888021003325,5.6586784083408155,1.5278603541622293,4.922394120457529,13.503007592151764,-32.58663824511398
21.031474091783007,32.23361947870177,9.74892736134079,1.042509946425552,2.284247343103389,2.60424271700821,-28.952654293529026
17.956071030451763,27.23419339539736,5.557818535408979,2.461187220065917,3.5434618627441874,11.170919843294,-34.68989909306713
17.319689301372506,35.25486330274816,7.308207581312684,0.9495003155121505,3.2036548812942844,4.039508974783856,-23.280800863387356
39.190316642573364,14.193171298788686,5.3807551837023535,2.0226131075594953,1.65002631409078,1.9586315738686986,-27.46836848099999
21.79293174000281,33.858019355796706,4.39372161878936,3.1920724492471444,3.2836686901533216,11.062269873412088,-20.041062892556027
36.7613966553134,16.04881960143234,10.071821183678626,2.7535286468144453,1.2857166048518314,2.2149844668797427,-27.56905480728457
28.93415877991789,14.909678285971134,5.4746720505203434,2.276526651754426,2.2156509545964025,4.0095077659685705,-27.502022212325382
33.84433910624946,14.927973937929789,9.352793629433075,1.5350086898878683,1.449220755698905,1.5117750791746714,-16.420170031709915
25.079112793155765,34.43724160694146,4.03963684712869,2.297350007099933,2.9758286996916494,6.269757755677145,-33.79642910054116
27.307116538790776,29.955916620886,3.9048376322006666,2.0648995133879637,2.779802397991478,4.83464777571034,-12.427625120200318
24.77553081456592,25.69196274307358,2.449072663076091,1.8226001213368916,3.8687213993201035,6.545814873782706,-13.693403140220465
15.857289633941333,20.764914523705073,7.41333460300708,1.1137049041764788,3.474205464956647,5.612088467603813,-18.304882919339835
31.67356345784516,36.316016224393245,5.148210749790088,2.9278501165771202,2.087210129393084,4.437577219953434,-20.16946074731539
18.423170873225676,21.773353222679063,9.114865998717097,1.879483157171174,2.696818599278286,6.327812889206891,-12.692437546508692
10.729478992943616,34.49798318414731,5.985679253532457,1.2670940283698362,5.714206155248851,15.520794581161887,-30.36674551178214
29.364168877215032,23.174047257106555,9.945547423317773,1.6826224421054952,1.6197918134396236,2.1347941284925445,-33.02577094522928
15.313320382211469,21.30833288274723,3.6842041256249694,1.793911406069425,5.1032876457843495,13.750215552061976,-29.01224575226155
38.21375753058743,23.88039357008819,9.148985343644885,2.7860909493604984,1.297732106679546,2.1761480144178122,-15.135543032495242
38.617857310077625,19.04133622492426,8.412774822333933,2.560674513347365,1.3391630357144486,2.0423374198741016,-34.13324333183792
37.44593170661346,32.428281405287535,8.367374757152415,2.6463317447392156,1.3848157933360308,2.250917043121801,-20.429829122912757
21.10476100766333,25.081611702774374,8.9582658249351,0.8264750346287534,2.3746458437076736,2.138828609313506,-10.114062095217253
10.463698495866023,16.96638085440452,8.288191927543991,1.7987695956314278,4.9793899921616,19.68766899230683,-13.607597654061514
37.849556877631755,36.987237198237054,7.209762573051322,1.9552259639247769,1.4759443339579124,1.7536138646224209,-21.963857773910263
22.845524449519427,21.516736641196342,3.2499590214591008,0.8460614643753361,3.6420942832645826,3.1022714964814013,-33.40897726783394
38.99964457131009,26.30658583341966,2.4602094359300155,1.423551700988082,2.4521360948074697,2.058661779750272,-14.215662140357253
38.90859931267759,37.194163328936405,9.566782782525493,2.6246955754931243,1.2464151113960273,1.933854895207924,-20.025537295569734
35.5902836640208,28.72713987741976,7.133202516165904,1.129063293749598,1.5780382743567176,1.1514158610293386,-32.12667507351083
18.83346676208757,13.506941221250921,8.57229832780941,2.08474431548622,2.7202721219168353,6.9256846883670935,-32.653567879416094
21.552931858057757,38.19496370840425,6.052178812100401,1.3164844928413701,2.8289744674350734,3.9743513298165016,-12.259329514085191
35.534100145505704,28.831241592142536,3.138465511699156,0.8290898591453439,2.3827981639293987,1.2787079756721826,-18.26999342654804
19.507660154688327,20.047168439712582,3.2014863376204037,1.3788834982388996,4.297444251927424,6.986513148256005,-14.267830017081113
15.084782400582775,14.17816217990162,7.68452229783177,3.1420970117841294,3.587102376463091,17.1851033214174,-13.025527492943318
26.7040378737505,33.820755678108874,5.642447159195701,2.723689068519175,2.364724622458967,5.5473938659800055,-20.705691198791946
38.084643224823424,28.602182677855406,3.804197813602694,3.1029839463704803,2.0193417374980447,3.78414086759746,-22.063841206123968
30.880893900249188,26.003832759289644,6.132756373931494,1.9708497054232699,1.9614332789804618,2.879154822693183,-24.239314741975246
27.10183510268095,36.81677749152873,2.713671496601073,1.0633668768260085,3.3598038545474127,3.0319790049090423,-27.076335305222017
12.915294813123056,33.65791633673592,6.8557712153151895,2.1151027735368633,4.43566538633985,16.707588237684643,-24.135100978532208
28.45021680097509,14.550246391982537,4.351947235480781,1.8905056029439065,2.5273411480269448,3.8626387485677407,-15.653008606746091
39.7016155031279,19.351662033866447,8.580472805097504,2.8264569985750785,1.2898151399256779,2.111978583414258,-19.95191422462171
14.202520457095723,17.454674194433974,4.682895671388589,1.035398193882187,4.880548066965525,8.183487246929626,-12.68691775112885
25.5498895709121,32.31838877718031,5.84176119265441,1.9717787288522677,2.4290157564480213,4.3114893513852985,-23.91549964052031
36.32119215783866,11.005973042073382,2.2929643192648053,1.1601167952655622,2.7272975095469634,2.003558240971899,-19.82276053203115
32.223058532626126,27.096690546139495,2.779575102356471,1.579222224536144,2.792127797948712,3.1473106800035184,-19.21731117270028
30.910472229858037,32.87376057222072,5.339948451253479,2.5696569857307194,2.0999893235493987,4.015267074766355,-20.20757094234186
31.074522519613275,36.30296910285248,6.039510677736988,1.94244351048504,1.9642009565108196,2.8239544525152667,-17.43415567286209
20.784734536592655,20.262452461477224,7.000164384954429,1.7021318843498465,2.727675216000607,5.137705645651809,-29.064163290629843
18.8077553279348,34.637719140160385,4.533300629674425,1.746743068568085,3.7458211060040076,8.00141747886726,-22.190905561355233
34.28083466435541,13.318952108656218,7.75985508901234,1.902672244174368,1.5707716921520913,2.00518061437703,-32.394379929791306
34.30340184037542,35.39356875203555,9.080979177513637,2.684039705208937,1.4510678779955881,2.6113633803780396,-25.387216808879685
36.01216955740311,13.824659869959472,8.438807911146798,2.9410032534565627,1.4338424111803045,2.693242609517899,-22.80832328446839
37.39721657669414,21.918618716811018,2.5169506027868573,3.092803247609428,2.5282186662369437,4.809007813939264,-18.694393511363188
25.340271965828133,33.91886097338661,6.044055578062631,2.6885681270127084,2.4077742345133064,5.875615568441548,-11.236723685344913
25.045488840615988,14.497522820463214,3.039441427345399,1.5569765497952306,3.4353014844453136,4.911851766851385,-19.983723336291103
33.948855369003255,16.877541856979242,4.13636012690022,2.4515232946077012,2.1724858252289145,3.608242152699479,-16.410152095586007
29.49891792333295,31.66757705179199,10.09330074613717,1.8502474977329406,1.6005474969915772,2.308979848250182,-22.343348512619933
31.0590063177311,31.601096096382232,3.339964343212106,1.4112094929105228,2.6426082518280354,2.7616240421887444,-19.14739921559172
33.873780083083034,29.234428986558918,6.191105227610848,2.8180917906222143,1.7796864858070793,3.4053582698582727,-33.22669459665566
36.700160254526985,30.818453334013,7.145245874544952,0.8922232375095801,1.529025433656813,0.8549645642792616,-28.640210478953826
20.13985470554607,26.281733300427884,7.819719764352831,2.9642287811250165,2.66341800435665,9.016179593274224,-25.953672669871533
21.26748857919832,17.553971767208584,6.677189467895312,1.9075459150993623,2.7294692186710656,5.630731635226256,-23.18766612483716
12.81945819522607,20.370879805117585,2.2781667793534695,2.3292835443398734,7.752268949980359,32.39734012891786,-33.8587813624404
27.348404229885222,15.44793150404277,4.811690465951935,2.382449413293879,2.5004053979016114,5.009910429600538,-31.499397561167058
11.078268213902263,37.25351684000885,6.341693147077691,2.948282577695687,5.376711962914542,32.911057548695844,-28.079642305217355
23.967940543973803,27.50175384298361,2.902931993158667,2.3280072372012977,3.6731791416665294,8.205849602384394,-10.711682727473733
26.2793390412273,22.025542502909197,5.005015449673445,2.2734406034241488,2.551373908259623,5.076578663354404,-26.71632482242373
18.596237563848533,23.860174109323978,2.4656248703309327,0.9599648973456559,5.136918464315674,6.099030083628008,-22.948973547197937
27.72499781707032,38.41850018835446,2.828627977240166,2.04417925266849,3.2168574937191297,5.455155235333154,-30.097557181540175
10.915007498171482,14.600542093482407,5.375386209612769,1.1604056019609001,5.927374729450175,14.493590899405001,-19.730498223105794
11.120445662476433,27.586894960503912,3.261726032344483,2.569841044931566,7.4687053584022545,39.696958359104926,-27.98291961210064
34.67801681978975,25.17666036653398,6.7403267860924645,2.0293326099504188,1.666082604052759,2.242452988804021,-29.82518553903933
20.805719242337886,28.34362706303943,7.715719753098125,2.432546670100048,2.5954956350188927,6.979536558470076,-22.085684288850523
13.811815379556544,10.543305514625215,8.604693592872662,0.9000149614457222,3.702310080208481,5.548806624487069,-34.86235502098948
25.667297801644132,36.16371726832454,3.801201953958481,1.0035008385099278,2.9974409600917125,2.6953555618463794,-34.80839918376937
33.09980659295832,37.96354847450837,3.5398606580725582,2.5191761313504375,2.4086445760759885,4.2163206568013125,-29.523279772453556
16.474630824905294,26.95399550767627,3.036542722675202,0.9730024063968161,5.22499488642287,7.097606677470658,-34.081965937479474
28.686714274570008,30.899524716306768,7.291441996349093,0.9710161466366207,1.9364386337014714,1.5075690695300168,-32.29935614673271
12.56042394981304,37.67498143531887,7.8518058118952085,0.8290603405637299,4.261889502467236,6.470112972221809,-26.52848376653121
11.55045163505823,31.217159029401962,2.4526891586051365,3.0956033559187524,8.292224231397865,51.11462939329317,-14.935358010504679
25.940638947044437,14.57617128742784,9.689697969949517,2.570020062701617,1.8576139761492594,4.2329111297413355,-20.69878391576748
26.219053648303195,27.288650805004394,2.6157702692117795,1.647803380404954,3.537320795161363,5.113175043107617,-22.18330685108959
29.122897044946193,28.20145139148568,6.530370682408563,1.5116853950903728,2.0155230409974076,2.406259412185465,-27.66277941979696
31.78274001167985,22.72392013907158,7.872484155607331,1.639287751390039,1.6820698487812429,1.995426432043122,-11.706157014179592
39.275562383876036,32.09332706874169,9.167752989968683,2.659168474834837,1.2613551797082285,1.9642134114676657,-25.07462396907021
25.489010449035856,38.03101044307044,7.912695457059422,2.3872894665689945,2.0920692602868667,4.5066725176812215,-32.82268083010571
19.688694188237378,37.76705538720329,8.613824664558333,1.244469362881923,2.595830506122108,3.77373555706724,-19.573337097054967
33.85558584306111,23.525181142123966,4.915601540342449,1.2178624048018025,1.9983547628297502,1.6533633892184718,-32.154040163084964
18.124967537862226,13.397141375222658,8.718600909972096,1.0361495593121535,2.802790407112267,3.685222105885958,-26.369421429957697
23.169142621169087,39.54523596887004,2.8409187710774013,2.3847265272832114,3.8410670468072845,9.093024134530877,-22.314701532054777
12.353691440267978,35.16694259337802,9.358533248484221,2.6344943893321666,3.969086973028754,19.467894310847612,-13.144436882870604
10.760522302463725,13.739880436098005,6.580739009229889,1.4361114279800098,5.434011754751515,16.680274591946212,-22.661335491497034
38.87945244033775,37.62525647852117,8.738382159699949,0.8502679064741908,1.305135498240822,0.656476350265412,-17.443530849208393
35.079403615366175,36.09689086186385,5.818546276146401,0.9972120019434256,1.772685985967321,1.1590307089061018,-10.17957902502324
30.879226182810935,25.565141713782165,7.348621561572199,3.122864083628073,1.7919335844263977,4.168083583190437,-31.71277200255046
22.2685883324281,27.738263072347877,6.411221287488905,1.5090674659458085,2.660285141135593,4.146407622433603,-28.13171186201201
15.198829602125375,21.970081116103906,8.052716174042654,2.646135554811521,3.477842552468242,13.926426618351094,-25.13559811005884
14.693111280132582,11.642849164660939,2.853039856244717,2.299192565250233,6.0439877010717495,21.752690795164273,-24.454295536529216
17.50728694493786,20.055917249377025,2.6828166719245106,1.7166551351669501,5.230905941159169,11.796928684340791,-24.724473118361356
26.47679994118361,34.085603457940344,4.176825872081172,1.2936494292693324,2.772059705309727,3.1151683611212504,-12.309724936086127
31.43787768100187,10.138960690138086,3.476357440905507,1.0913274035825755,2.5590326500095757,2.0431747071791118,-17.14918388832859
29.80592130153194,20.004975150734325,9.174268532737614,2.27603112329328,1.6615100964878302,2.9181423053275326,-19.802369647732405
18.398016908378285,21.9450608077283,3.9537118988643547,2.6591210735306916,4.100319848786944,13.630527701204958,-27.265682053430446
38.64595841989582,26.121868088137685,10.00692204655305,2.345370208498714,1.2269784030326771,1.7126636353166762,-14.405240394467633
32.13690750087306,37.59566849238281,4.895166334168854,2.07272511979798,2.109616189306059,3.1294564599139636,-11.123487212875276
26.63062157534202,20.390379830978837,3.6569433255095944,0.9006829362359271,2.945444479728583,2.291233279154835,-14.470042936244337
28.351622387030567,20.40859605688683,8.517588057139832,3.1243730662265214,1.812821432450433,4.594812908498575,-34.960872370213174
22.588001872833697,32.125037443292456,7.469662204007008,2.716914059970979,2.429757675796198,6.721851054543655,-19.089965745414823
17.43192968503472,23.566538226694217,6.185565731625111,1.5027728880823155,3.459840518671158,6.8601214161195285,-33.72161546394748
20.67918035953785,16.73814468819946,6.642908407501049,3.1519287904612416,2.8143545317901517,9.866195525400984,-28.559819491656953
32.735383313931074,23.573185483980804,7.95361422617811,2.244515815127173,1.6247687860734,2.5622685285142066,-33.511882491305705
10.431804658892675,14.225710611393996,4.02763793065039,2.197814379697392,7.164841738664142,34.71890362954359,-19.90511367626531
13.482179215207488,15.2916095951867,10.170671328453935,2.5953756306308775,3.4886415841994527,15.446294680072645,-17.83525216268483
11.380079260652582,24.95103318218439,9.998345297174264,2.7482474914163304,4.168520163650007,23.153694351887083,-32.13780904835237
11.221864069569104,22.567763485136435,7.402605490775494,2.375548657595606,4.912855072140194,23.919974665737357,-25.40402792387551
35.66381752033022,37.445377032043005,3.7963396074331612,1.1074297912788802,2.158643388390032,1.5416901990599907,-23.594087276111452
31.10973578140071,20.87181697349899,7.64182593945033,1.6118420143867962,1.7442003357399662,2.0785015422626323,-25.773674455977087
24.225214872619755,27.4176505083413,2.777587271833407,3.0274007367825195,3.715264728436989,10.678736614438375,-31.974374987870174
12.935024819530044,28.96792863758591,2.4452200176464487,1.3390774684252447,7.415919748821483,17.657584518196632,-24.526305245313115
24.748476253504972,10.39283369765001,4.261463108089709,1.693200857210032,2.936049867738736,4.620098964668144,-16.220548804789548
24.20415312341697,29.906121160501314,5.90098365391453,1.8369845190660703,2.551168603251809,4.453306659130315,-33.22480838666861
15.196056097300456,15.341079006092544,9.146180043267044,1.8545719752666854,3.2639274578796753,9.161806993890709,-32.995499647952414
23.015549477139192,38.832109524083656,8.017352558130463,2.2710549979868615,2.3017302234053494,5.223824287172023,-26.130717704100395
21.955142031921202,14.459881832593387,8.141652169599848,3.0633820105872984,2.3944112033988394,7.68407293848753,-11.456857209526873
28.475502941566493,22.438723711810713,5.603946675584602,1.377662508398012,2.2252195075892742,2.4761225247401595,-18.285683831927148
29.052809526029318,12.560490042359316,4.9674799403757035,1.0916033031222034,2.3165147040496534,2.0018871947424777,-18.03325108318588
11.359120293161336,39.90622755537842,5.168310103876822,1.2739291756638496,5.808610804947184,14.983066242896431,-25.952000229053375
21.238378438794136,25.06585030993728,10.101196509888462,2.9286197605022473,2.2222017946062906,7.047790133509462,-20.15848021978654
28.77579747142709,27.861550519601312,2.52087353129986,2.349945950372495,3.283132133179815,6.166613126082207,-34.74672039930642
25.09408775740263,12.012294321652824,9.136251968979588,1.4861762941739842,1.9775879738042912,2.6937827379368837,-19.097598839761446
35.69469523564967,32.498814111975335,6.829403268579147,2.7582726535246813,1.608037608561192,2.857969259627864,-12.16782631059408
29.76080894856835,16.297167792867572,5.708923353516724,2.8672879912722466,2.109450899506809,4.674378125409835,-19.68566329137952
14.888032812442889,36.94162868322142,8.00206128332109,2.8316344128566673,3.5616644806953084,15.580475423832642,-13.157535163341375
12.117062422012895,16.154189214460217,6.093351531397623,3.0054236807349306,5.014940642242915,28.608954818521262,-16.900673613347656
29.272578346189466,15.720631619909998,9.187385904653283,1.4053784484160678,1.690574455975325,1.8667856376967755,-31.986039589907744
10.795339316248654,11.096490035442848,9.405614912090067,2.612100628991068,4.53065887931599,25.214061449983923,-12.438667317853955
27.573267438203896,24.162008353299978,5.573767414987643,1.905294793457936,2.3042447399084462,3.6621015938612564,-33.33890389110563
38.20690724274873,26.945233997878493,4.414622377880413,2.8207965269361477,1.8685408414203735,3.1729286564825876,-21.650813186305903
27.264225336276372,11.971259182850572,6.938802628746897,2.548377625187872,2.088602672509535,4.490082143039165,-31.44657190516356
21.64509778619566,33.26582850085032,9.498906764933526,2.6634738715993396,2.248510367750713,6.363728151965418,-34.7073347317274
29.298646553270594,23.598665042440828,3.885297512045333,2.374788410434572,2.5973564858239766,4.842133495450009,-24.449143496809025
23.7475867147455,25.7317080798274,7.1837326685078615,1.2258290467272965,2.356658725723774,2.7979178406663405,-27.623982308646095
26.368503679478046,23.222882408146845,7.252481760740164,2.108064605352652,2.11233332466784,3.8840849265864814,-22.849987655059927
38.24394426329575,22.02289182625978,8.064904179322248,3.16320737485882,1.3811122475690225,2.6273734107978424,-20.57000283163623
21.58307913402323,26.789209939246536,3.2525414810180786,3.049731359593086,3.8535982313635153,12.52398251014677,-33.90652319227632
38.83571691471742,14.657207377921376,7.926599717456708,0.903616965912828,1.3718810861175823,0.7341712174161636,-31.92491762190636
37.160519258681916,15.457843914858133,9.472260165325128,1.1955555577506491,1.311543429808678,0.9705066173577152,-21.033940088739364
15.873734043678894,35.85356863040551,3.637464870961936,1.1161490562909488,4.9546474271501255,8.012788660914566,-26.420816170683544
12.080839026254964,38.38346386400898,4.100346599391021,2.5423517839647096,6.131742056033397,29.67906801713356,-16.7706628112638
13.0233400413228,21.199279488392587,9.971160752333116,2.7626847916566684,3.6475060415639966,17.79642680297137,-18.692708785201507
10.54665476954649,18.122340194306613,3.6478156216759183,1.3124272791456126,7.446635380475482,21.3131893826998,-13.85989092525233
12.83328882267785,29.319986297170473,9.035080746956632,2.0140464630843895,3.8885462738924677,14.036105513309476,-17.68767933326937
30.490203202490704,22.26202513294289,6.138222851584278,2.81768726722688,1.9856816135755015,4.220558470212714,-24.251723065246296
12.13565945380687,10.761590669810346,4.1778485952254165,2.5587237074390017,6.047160973457915,29.32509161952108,-18.17583444013919
19.569268908812838,14.684577920985712,9.16599921018009,2.101369293180436,2.5317845787449516,6.252912722330136,-28.115470643614536
35.34625932908364,31.479166865421924,5.762442040021323,2.2168344571010548,1.7678463430742872,2.5501290246614006,-27.342162530544684
10.698158072074776,29.767718257304537,6.318538831437521,2.020065312599072,5.577941035845685,24.224685960462697,-15.275371001980169
34.43405447766807,10.812879775104504,5.073866955198126,1.5141162831651696,1.9338979777152459,1.9558361231777412,-23.839512089960444
18.455643243201997,16.659164857988483,6.943606811479419,2.1560527828616385,3.084391604485941,8.287576506385909,-15.040491487041187
13.544944828649687,16.93224389764214,3.5081909806801823,2.453324724920218,5.912517032100129,24.63077268396757,-14.43944065829304
30.90211496092452,30.15678230796185,5.328652293214086,2.8959749980659386,2.1027825482193347,4.532405984360462,-13.560941558467906
28.868285403396516,10.591316132630926,9.9552985786823,2.3270992495501956,1.6468085906752532,3.053267645969478,-12.084119103969819
36.32416040581159,13.123257459537214,4.26506746160902,2.6266916889035796,1.9995520873425565,3.3256311002244185,-24.225369487167594
32.05213131411657,33.99748256119568,7.453893316330337,1.1841719238909754,1.7141260672155227,1.4565602108332414,-27.02832954197153
34.10442791154546,15.356339861630008,4.801520513797559,1.907737938607496,2.0072020687385996,2.5824200182762356,-20.445031335147153
18.461037177139197,29.58238323555624,8.387785005492805,0.822395887585024,2.8055080364364517,2.874512398253082,-25.72068941405931
15.323186313391686,17.145483431401797,3.246989285746799,1.3920292748518952,5.432525194201431,11.350862731602161,-19.973145829994174
32.51844254922575,12.983241782780354,9.958568360628357,2.543508116271212,1.461716224308787,2.6296278708764405,-17.360353433904386
34.20504217801792,17.295165729983623,5.830316331069113,3.1803438832384723,1.8161640277471502,3.883889425146041,-17.78987453769658
39.71515426002019,31.66800795566978,4.088403706771712,1.0380274390093183,1.8679193395825078,1.1228934139323647,-25.63617782449697
22.378530307342793,35.670894043188575,2.7879739786401014,1.763586358067092,4.0143509720150155,7.276262284014695,-30.82849495753118
21.1605425737835,34.90659593700975,3.558063240700326,2.720170324877983,3.758007378103803,11.111041347062324,-24.23676653844481
33.2923888222599,21.915505888553643,6.358191588448141,1.2896855231093574,1.786814614108732,1.592011492770265,-31.43514639795228
20.224106207590534,30.042554097119382,4.896025411450291,2.132203878325487,3.351969745795221,8.128067803294654,-12.747574120404792
37.92271976810694,16.14952886247463,8.831066927060874,2.55937111047122,1.3310218784548868,2.0660784925482254,-26.353063481553566
35.75238255529035,18.794431907830397,5.647100189294447,2.2783650806244298,1.7655235865334833,2.587734327752484,-31.138506319416905
22.869820821250553,36.89007455563359,4.189714180701039,1.2512593630769988,3.2043230854150067,4.03226172030811,-34.36380600235623
32.52613203374492,10.390057705322082,7.13715989283224,1.6529229648457746,1.7262199254912267,2.017642206824576,-18.854440342837893
32.63628622254047,12.565255925634043,7.854217735083566,2.6811002827649535,1.639981909727265,3.0986977634065176,-19.07744206363142
13.093716065077977,16.23658765438082,3.536335263207599,2.1301436339168403,6.091883987278206,22.794256426517105,-26.48489583546771
37.076587200387,10.795966116214592,3.5409537303065415,0.8125510725029906,2.149964957906461,1.0837026457647558,-33.20720277880872
25.157571173435713,15.443063052693919,2.493371415468344,2.6263778240674256,3.775974570557152,9.066619491351622,-24.7592776276192
34.793723983232255,27.491246829090766,8.091216120525123,0.8847472518565738,1.51559597893651,0.886399676347056,-27.21956262341516
19.60148803091835,22.64273651777494,7.51043622097444,2.589761078554957,2.792348606248548,8.48531814098503,-18.071984006624767
36.86569685488601,36.780151332309245,5.99704700599851,1.2859533443965698,1.6614990029857017,1.3330016460630287,-19.855518763682742
21.676050362024892,34.523306852153226,8.953363591753575,3.0993763522865123,2.3126930592456456,7.6057141102172015,-25.885156795061498
10.32512954440895,20.25452055093628,8.645361223600425,1.683057803125003,4.940878539883497,18.52403258833454,-29.552686143625248
37.16145929257791,17.782703002938774,6.8828349151740165,1.58463587921139,1.5385613647124925,1.508965753982443,-10.299100846110203
12.738600303584008,21.39077224501801,9.146170244106068,1.1573313207978673,3.893587218013522,8.13605243875513,-23.64995947009713
19.579409127712445,27.708848275444232,3.846729680294146,1.5334501171765158,3.9061223593777457,7.036290332580072,-17.793144105494072
38.50185901152415,18.041909224686286,3.095356955181823,2.9039618283876814,2.214390401357481,3.841415021690397,-31.48617581054098
38.51821440812668,28.72446723547402,4.357996892135917,3.1912024103053938,1.8654415880050381,3.5546569595240944,-22.860257508515055
27.203136643698585,22.282349565737213,2.656694848714519,1.683942873216436,3.382995648782596,4.816567450019169,-34.31158200326336
28.95511636509398,26.561415425559407,6.449356224008255,1.8766655142909023,2.039894756967481,3.0408651163070255,-22.363622052238753
23.453365659349593,23.083795874059504,9.692845538359691,2.532970251686569,2.0542837860200094,5.102854543950601,-10.899564822057442
18.796323150941937,18.83397278625753,2.5147483253480774,2.9268698731161793,5.032352939331885,18.023097820088324,-25.394832175354992
19.85993636109748,38.4535992088647,3.1768793120802146,2.2233064020482822,4.2375325605561445,10.910944591556264,-34.02509968562721
30.175553682311154,32.908173824792826,5.817592226267482,1.7396616756267906,2.0609353715026706,2.7327616702031596,-34.22610522701641
32.5712358831304,14.203395272993577,9.671000140223239,1.790292418036697,1.4808849739837266,1.8721424774813549,-25.300331001328264
33.74737131177546,36.05403927693739,4.729248839814003,2.4694835515923366,2.043879210133059,3.439927187733024,-30.999376588420148
33.68854428383661,24.62293594748541,6.257878469507139,0.8077238326502688,1.7798993793300226,0.9815308175593479,-34.41619759179535
12.736183091460711,36.836566806822745,2.532582872403137,2.287014409903618,7.4006545508614945,30.56522350667232,-16.09465965124558
24.832609141077445,33.995657678419455,3.386745607696711,1.6531832250592577,3.2822950517878082,5.025787142829772,-23.536924777952734
11.726762800499328,22.756405134077003,10.093040983670775,2.706073595065002,4.026262628421578,21.36935426522045,-27.76888070068364
26.485866469712064,10.67407924960352,9.920949571488364,1.0231775355755173,1.798044569867338,1.597589141400345,-12.497920424587981
23.24591504120131,18.060320781548384,2.239519847475277,2.211685440676137,4.311884856059502,9.435647409261778,-32.09652599498686
36.63112548274899,26.24902643982601,9.814494283385912,1.954334935726697,1.3070946389321032,1.6039233225986784,-11.102029276117019
20.52745037656236,29.004346594784415,7.312959502524002,2.341581262172546,2.7021513084143867,7.089436601777748,-27.150832065566178
13.512010492828175,17.73663056299607,9.143346356160176,0.9556486267591241,3.6712900690310684,5.97206879313937,-12.789908192282969
14.289750461585076,14.180682222184723,5.837918845070872,2.1919610898275153,4.3444778512254905,15.327580975986502,-19.92642808801346
32.84531895152416,35.04790710397897,6.324768228634001,2.147563011102857,1.8159147983420225,2.730836729999581,-14.332316006462815
28.546541899487835,39.532065421106566,6.110772642055361,2.1455842265988103,2.1256398850681055,3.674595920320738,-10.399670919738394
13.033680283683708,25.77070546908058,7.534914060368834,2.2483703998314915,4.192615579888525,16.634650301217764,-27.789864054531357
12.523204183449923,15.150378575449103,3.3172100380505034,2.4235230493432693,6.576416526458025,29.271760358692344,-10.971612864810176
31.029073943773597,18.169219795581068,2.439788718981424,2.731973599233848,3.094897963734323,6.267319789337524,-25.26295262743949
12.182890190925807,10.551720296424001,4.663439532729527,1.4475697283077147,5.701481957276029,15.581338159136678,-25.362202381576942
34.65580177871069,37.42896419681497,7.837446101893173,2.780118584432149,1.5460659820884401,2.852615453285105,-26.490322393637356
31.187266814694887,13.532532486704234,3.814827616983587,1.9958136374322888,2.462501389756338,3.6244907050266675,-21.46480981631037
12.440463419256993,27.295494265427607,7.587459466599338,0.9849398699223948,4.37730197875846,7.970902627517924,-31.146373920537822
12.545131422555757,18.22165662061618,9.959296368858162,0.9405222301855501,3.7888003041372533,6.53316160749511,-21.15721286604972
39.59918735503527,26.625340075473805,2.9512057263153473,1.602171964870546,2.2049829877598204,2.0518987819023904,-21.4573796897499
21.228123872683607,29.542611650555926,7.5808169458010095,2.683752745067522,2.5663840112357916,7.462431633444073,-15.952454684878251
21.119264412006725,34.89225411121605,5.750001754436569,2.498434243378198,2.9619551824111916,8.059265348761404,-14.15875095156036
34.383987017725076,16.1926381528181,9.145138035020043,2.692675915213776,1.4425799520245632,2.5983376123147193,-23.9889662421894
38.41745732151576,10.329874859754414,3.6171983155790874,2.0414457354598623,2.052941063154023,2.5090744059242653,-27.441668766212658
39.580031914686124,14.106568902064218,7.7410076178093155,1.8564775950931776,1.3621231422256388,1.469460037759977,-28.51662756707264
32.60134555776825,37.00055925544316,8.90492231718488,1.1538860640950814,1.5418448210165585,1.2551507950112162,-30.134404082378204
21.287787565927474,36.216702326875456,9.756913755792185,1.5876626086623478,2.25582028844757,3.869546085659834,-33.55881044502438
12.505021500960064,27.922393065109247,7.665984226317166,1.8416464788173006,4.332343223097871,14.674810974805087,-26.438800529132166
33.3144074778231,28.0155058130096,6.177398112067419,1.0126410312310814,1.8115752144222648,1.26650711328567,-28.243807696730418
26.752127492074152,29.95110023638766,7.14277792160971,1.3294686865069072,2.097970416017576,2.3979878761123024,-10.839565353339815
22.726660277409287,15.261138358703487,9.151239875829745,2.2357407057529732,2.181803676721574,4.9366156904146585,-21.057279343748903
37.19063155284208,37.43235837774879,6.764877973110637,2.565591474174056,1.550699768759914,2.460421472054618,-26.318074024237312
13.33592446918454,22.563115746762197,2.443096477574695,3.196034027343079,7.196110493907981,39.66559073519614,-20.4883099751576
24.778753128725775,21.494155847484922,9.64758956405582,3.0394719952245386,1.9489576433531137,5.4985595667287015,-31.520082466357614
10.340609343022573,25.567531158485124,7.716214008252488,2.34215647888446,5.22207368640004,27.204491164685304,-23.898906269944927
24.059819259823787,11.408979003251652,7.612107086217971,1.810995327905773,2.259677461460714,3.9120037214325247,-19.344141964473405
11.689098270455121,14.988501062682381,3.9254012191817376,2.3268256752997587,6.476915375231853,29.653700464498588,-22.777554205188714
13.564537488042157,32.141008492791116,7.471083761861257,2.6855638833925566,4.045707365567934,18.422679626667612,-24.955529983641895
13.525787403313146,12.483960037753794,5.350915245233267,1.0840068582161297,4.7941836454089035,8.837144878356652,-10.153790277507547
29.476309063481906,28.094563283991647,7.409863816331936,1.7837717352710918,1.8694465146779884,2.6019985902897176,-12.992130946276824
32.3813463779627,17.36047329043963,3.052744242463926,2.8155254855254817,2.6512528379408162,5.30204663120826,-19.414851046013997
27.50106295291479,21.678868421259295,7.4627624368242875,1.7211990846393057,1.9966041542506334,2.874097074612776,-20.76556597044293
38.865176454236256,18.660812103120996,10.195309806165332,2.172493450945248,1.208733062688497,1.5540180889606396,-19.4834880043854
21.24611738571112,20.670181493948476,2.5856963108844484,2.2106464660692757,4.390590410378982,10.50728417641908,-29.967197304439168
18.57136258845582,31.571377155527365,10.017393473770538,1.2427430075207346,2.551938026504235,3.9276747641997476,-25.121556418392036
36.057973845683804,18.913651468695253,5.455263685782965,1.6693650599654921,1.7810744184457266,1.8965308081300811,-34.013511677727514
16.70787515558358,26.992139208906917,9.166027602698072,1.6028270929806374,2.9653738757391497,6.542937119508955,-23.111349062829333
38.89667618321834,24.28151206597299,8.459083872466188,0.8628721004769555,1.3259193303329704,0.6765172484527989,-21.424385401058423
10.364634240694489,29.910134960879443,6.736130087893342,0.8580602333392526,5.5761191534214865,10.617534375878712,-29.30625659741976
39.09636480122917,38.104892179742734,8.107593674010612,2.7960729048218567,1.3474383167670183,2.216403573950419,-10.899278820862158
11.294797358517284,31.977162916307506,9.228124490410782,1.45536994393475,4.371757795598625,12.956237106884581,-12.263634726568949
36.73429341094213,16.448211357722702,5.433122573208264,2.043389038973157,1.7518415271452903,2.2413104804942026,-16.946419113602353
25.831033272588996,10.93549405183854,4.816265292505909,1.5169413766130553,2.646027050763268,3.5739554479065547,-21.665334280865935
39.78894388357901,17.86792132899475,7.540747084508677,3.0576301882768173,1.3728454851136251,2.42645388282529,-13.250771008807877
12.213896942061965,27.852337921007642,8.662767535530069,1.422312221277857,4.172618485163231,11.17576353964551,-31.733691404413428
26.615628532039622,11.542774404527512,8.298281078212925,1.8311763505734444,1.9564126485353723,3.0958630603784725,-15.237255143127875
39.079076068572974,24.89098741603709,8.582509190869075,2.8945526011630447,1.310206751899122,2.232054672113386,-31.87947965082879
25.692935325104465,27.905285467506673,5.684666518503464,2.820640560300341,2.4486405604309587,6.182824199879969,-15.144733436264865
28.881959144057877,20.027316724508825,8.742673729400172,1.2466434028310656,1.7564770276961974,1.7437567590633005,-28.105810793716074
30.872460669538512,33.12736611237466,3.1616724429648677,2.7263439435097054,2.7325088427528965,5.550074460104931,-13.072735474545276
23.6362319430332,13.197947594013154,6.555912783686796,1.8996485281709425,2.478542854382034,4.581622266345813,-11.398947654365053
28.8267424025219,12.254133452074264,2.2460692839849727,1.9591252930048526,3.472035183942675,5.42723463504515,-31.28010076487211
27.529429357693008,31.8456626861081,4.7966866392021625,1.1203519337982653,2.487845326512662,2.3286728026827967,-23.43310987336516
37.03474031472967,24.864739486185954,5.131692278971183,0.9934436330170994,1.7879346961537297,1.1030962678863527,-10.475315545932872
11.363391410243738,30.652071892832083,5.369381532874042,2.5470543367370366,5.696671290728313,29.36832924434001,-22.914814100671336
18.42889568776691,23.044820158112383,7.763737653518897,1.9915067656527197,2.9211679119979,7.260505048975977,-13.411311937136372
38.51234452229676,17.392060997173207,5.308464810162766,1.8484416862764312,1.6904675153978783,1.8661238431697116,-20.281711946717003
36.70791351672749,34.57306953022599,5.7895489809802445,2.5508197487657522,1.6982796005148648,2.7142953321152734,-25.616752302009953
23.669702583571386,33.982476369069374,4.10035304699462,2.6372309575786637,3.1295927875305005,8.019938398433206,-27.855411111853243
28.6039779340461,30.840894125632804,5.18601433303472,1.1813796024064487,2.3027562427635275,2.1874535422350974,-29.91942272284782
18.32143548943398,18.16435411689888,4.018157018105212,2.264540358746339,4.084306348476749,11.610922140118303,-15.955045215557568
15.643634791712838,27.70692000607261,2.7855673901475493,1.1248497974664453,5.745088929994319,9.50126557693277,-25.3364873294243
23.910952148199467,20.829216908200802,7.0275887470510225,2.60330020646971,2.3664166882459794,5.92579247129916,-22.21811344498122
20.600566840781585,12.747462199799026,7.545702388440129,2.376692375041135,2.6507102198384147,7.033700809417859,-22.691862999970454
27.509683355526164,37.51940726386728,7.155922768076915,3.095875090600299,2.038322249773658,5.275923861323866,-20.56802426917172
12.332039108949544,14.104558927568842,5.907952350404578,0.9654992392554109,5.004237047341193,9.011202563521888,-13.360571359386196
39.23184422998499,38.50712061462407,5.238286241433839,0.9369313307630104,1.670544010938655,0.9176029381668755,-10.481516410414265
39.586322334388086,23.38017318873867,9.1066691965746,1.4772489792636805,1.255643410845058,1.077711953648955,-24.810394785654577
